{
  "seq": {
    "collatz": {
      "data": [
        92,
        46,
        23,
        70,
        35,
        106,
        53,
        160,
        80,
        40,
        20,
        10,
        5,
        16,
        8,
        4,
        2,
        1
      ],
      "length": 18,
      "buff": {
        "length": 72
      }
    },
    "random": {
      "data": [
        13,
        75,
        80,
        11,
        49,
        51,
        23,
        39,
        13,
        58,
        61,
        27,
        42,
        92,
        36,
        50,
        43,
        68
      ],
      "length": 18,
      "buff": {
        "length": 72
      }
    },
    "arithmetic": {
      "data": [
        99,
        98,
        97,
        96,
        95,
        94,
        93,
        92,
        91,
        90,
        89,
        88,
        87,
        86,
        85,
        84,
        83,
        82
      ],
      "length": 18,
      "buff": {
        "length": 72
      }
    }
  },
  "comp": {
    "zstd": {
      "seq": {
        "arithmetic": {
          "buff": {
            "length": 24
          },
          "effectPc": 66.66666666666666
        },
        "random": {
          "buff": {
            "length": 22
          },
          "effectPc": 69.44444444444444
        },
        "collatz": {
          "buff": {
            "length": 22
          },
          "effectPc": 69.44444444444444
        }
      }
    }
  }
}