{"seq":{"collatz":{"data":[92,46,23,70,35,106,53,160,80,40,20,10,5,16,8,4,2,1],"length":18},"random":{"data":[79,100,72,32,80,16,24,72,95,82,46,45,36,12,89,82,39,26],"length":18},"arithmetic":{"data":[99,98,97,96,95,94,93,92,91,90,89,88,87,86,85,84,83,82],"length":18}},"buff":{"collatz":{"length":72},"random":{"length":72},"arithmetic":{"length":72}},"comp":{"zstd":{"arithmetic":{"length":24,"effectPc":66.66666666666666},"random":{"length":22,"effectPc":69.44444444444444},"collatz":{"length":22,"effectPc":69.44444444444444}}}}
